Idusuario		Deslogin		Dessenha		Dtcadastro

1		user		123456		2020-12-15 15:57:22
5		rooesa		123sd2		2020-12-15 17:17:16
7		caramelo		rochasenha		2020-12-18 15:56:06
8		caramelo		rochasenha		2020-12-18 15:59:20
9		caramelo		rochasenha		2020-12-18 16:01:46
10		caramelo		rochasenha		2020-12-18 16:02:49


Idusuario		Deslogin		Dessenha		Dtcadastro

1		user		123456		2020-12-15 15:57:22
5		rooesa		123sd2		2020-12-15 17:17:16
7		caramelo		rochasenha		2020-12-18 15:56:06
8		caramelo		rochasenha		2020-12-18 15:59:20
9		caramelo		rochasenha		2020-12-18 16:01:46
10		caramelo		rochasenha		2020-12-18 16:02:49


Idusuario		Deslogin		Dessenha		Dtcadastro

1		user		123456		2020-12-15 15:57:22
5		rooesa		123sd2		2020-12-15 17:17:16
7		caramelo		rochasenha		2020-12-18 15:56:06
8		caramelo		rochasenha		2020-12-18 15:59:20
9		caramelo		rochasenha		2020-12-18 16:01:46
10		caramelo		rochasenha		2020-12-18 16:02:49


Idusuario		Deslogin		Dessenha		Dtcadastro

1		user		123456		2020-12-15 15:57:22
5		rooesa		123sd2		2020-12-15 17:17:16
7		caramelo		rochasenha		2020-12-18 15:56:06
8		caramelo		rochasenha		2020-12-18 15:59:20
9		caramelo		rochasenha		2020-12-18 16:01:46
10		caramelo		rochasenha		2020-12-18 16:02:49


